antecedent,consequent,pair_order_count,support,confidence,lift
AS2376P2,AS1114P2,376,0.00037278362290160493,0.5046979865771812,508.03644790955
AS1114P2,AS2376P2,376,0.00037278362290160493,0.37524950099800397,508.03644790955
AS2376P2,AS1185P2,386,0.0003826980809574987,0.5181208053691275,423.4936399334298
AS1185P2,AS2376P2,386,0.0003826980809574987,0.31280388978930307,423.4936399334298
AS1114P2,AS1185P2,501,0.0004967143486002768,0.5,408.68233387358185
AS1185P2,AS1114P2,501,0.0004967143486002768,0.4059967585089141,408.68233387358185
CNPTGAFLYER,CNTPSCFLYER,3453,0.0034234623667001116,1.0,291.8483796296296
CNTPSCFLYER,CNPTGAFLYER,3453,0.0034234623667001116,0.9991319444444444,291.8483796296296
CB0520P1,CNPACKLETTER,596,0.0005909017001312674,0.570334928229665,273.15089173334786
CNPACKLETTER,CB0520P1,596,0.0005909017001312674,0.28300094966761635,273.15089173334786
CB0537P1,CNPACKLETTER,406,0.0004025269970692862,0.5024752475247525,240.6508090980038
CNPACKLETTER,CB0537P1,406,0.0004025269970692862,0.19278252611585944,240.6508090980038
CNTPVFLYER,CNTPSCFLYER,1723,0.001708261123030493,0.6673121611154144,194.75397292868004
CNTPSCFLYER,CNTPVFLYER,1723,0.001708261123030493,0.49855324074074076,194.75397292868004
CNTPVFLYER,CNPTGAFLYER,1721,0.0017062782314193141,0.6665375677769171,194.69691685829608
CNPTGAFLYER,CNTPVFLYER,1721,0.0017062782314193141,0.4984071821604402,194.69691685829608
CB0513P1,CNPACKLETTER,384,0.00038071518934631993,0.378698224852071,181.37019617098514
CNPACKLETTER,CB0513P1,384,0.00038071518934631993,0.18233618233618235,181.37019617098514
YB-GUIDES,WB2394P5,202,0.00020027205272905372,0.2586427656850192,108.60713383320132
WB2394P5,YB-GUIDES,202,0.00020027205272905372,0.08409658617818484,108.60713383320132
P8-GUIDES,WB2590P1,1122,0.0011124021938712786,0.4034519956850054,99.27615991797404
WB2590P1,P8-GUIDES,1122,0.0011124021938712786,0.2737252988533789,99.27615991797404
WB1406P1,WB1450P1,207,0.0002052292817570006,0.2,98.11556420233462
WB1450P1,WB1406P1,207,0.0002052292817570006,0.10068093385214008,98.11556420233462
AS6385P2,DB-GUIDES,6822,0.006763643285730716,0.9960578186596584,84.58088950320372
DB-GUIDES,AS6385P2,6822,0.006763643285730716,0.5743391143290116,84.58088950320372
AS6385P6,DB-GUIDES,4578,0.0045388388979881586,0.9872762562001294,83.83519748599294
DB-GUIDES,AS6385P6,4578,0.0045388388979881586,0.38541842060953024,83.83519748599294
AS6385P12,DB-GUIDES,810,0.0008030711025273936,0.9688995215311005,82.27472525701893
DB-GUIDES,AS6385P12,810,0.0008030711025273936,0.06819329853510692,82.27472525701893
CB2417P1,CB2415P1,296,0.00029346795845445496,0.328159645232816,78.564207607853
CB2415P1,CB2417P1,296,0.00029346795845445496,0.07025872300023736,78.564207607853
TPGIFTCARD,WS1268BF4,315,0.0003123054287606531,0.5909943714821764,75.83886398464689
WS1268BF4,TPGIFTCARD,315,0.0003123054287606531,0.04007633587786259,75.83886398464689
CB2643M8,AS6384M4,410,0.0004064927802916437,0.8167330677290837,59.819899835701854
AS6384M4,CB2643M8,410,0.0004064927802916437,0.029772710769007334,59.819899835701854
NC-GUIDES,WB2591P1,773,0.0007663876077205867,0.25896147403685094,58.894203750809666
WB2591P1,NC-GUIDES,773,0.0007663876077205867,0.17429537767756484,58.894203750809666
CN2388P1,CNPTGAFLYER,323,0.0003202369952053681,0.20074580484773152,58.63823911148501
CNPTGAFLYER,CN2388P1,323,0.0003202369952053681,0.09354184766869389,58.63823911148501
CN2388P1,CNTPSCFLYER,323,0.0003202369952053681,0.20074580484773152,58.58733786225629
CNTPSCFLYER,CN2388P1,323,0.0003202369952053681,0.09346064814814815,58.58733786225629
CB2642M8,AS6352M4,513,0.0005086116982673493,0.890625,56.22163678182501
AS6352M4,CB2642M8,513,0.0005086116982673493,0.0321066466391288,56.22163678182501
AS2376P1,AS1114P1,8190,0.00811994114777698,0.7379708055505496,55.67225262983095
AS1114P1,AS2376P1,8190,0.00811994114777698,0.612565445026178,55.67225262983095
YB-GUIDES,WB2394P3,320,0.00031726265778859997,0.40973111395646605,53.13954918447762
WB2394P3,YB-GUIDES,320,0.00031726265778859997,0.041146971840041145,53.13954918447762
AS1114P1,AS1185P1,9642,0.009559520457492752,0.7211667913238594,50.75279224109696
AS1185P1,AS1114P1,9642,0.009559520457492752,0.6727602567680715,50.75279224109696
CN2388P1,CNTPVFLYER,209,0.00020721217336817934,0.12989434431323804,50.74170128426516
CNTPVFLYER,CN2388P1,209,0.00020721217336817934,0.08094500387296669,50.74170128426516
AS2376P1,AS1185P1,7895,0.007827464635128114,0.7113894395386556,50.06470189945542
AS1185P1,AS2376P1,7895,0.007827464635128114,0.5508651967624896,50.06470189945542
NC-GUIDES,NC4532P5,771,0.000764404716109408,0.25829145728643216,44.924986373495344
NC4532P5,NC-GUIDES,771,0.000764404716109408,0.13295395757889292,44.924986373495344
WS1267P5,P8-GUIDES,262,0.0002597588010644162,0.12140871177015755,44.03316293970172
P8-GUIDES,WS1267P5,262,0.0002597588010644162,0.09421071556993887,44.03316293970172
WB2563M3,WB2464P3,430,0.0004263216964034312,0.7904411764705882,43.39544431423778
WB2464P3,WB2563M3,430,0.0004263216964034312,0.023405181798388852,43.39544431423778
CB2567M3,AS6486P1,328,0.00032519422423331497,0.7522935779816514,37.77113678990876
AS6486P1,CB2567M3,328,0.00032519422423331497,0.016327343322216137,37.77113678990876
P8-GUIDES,WS1267P3,1198,0.001187752075096071,0.43078029485796476,34.52499541056808
WS1267P3,P8-GUIDES,1198,0.001187752075096071,0.09519268970997219,34.52499541056808
CB2419P1,CB2415P1,456,0.00045209928734875495,0.13893967093235832,33.26333786213214
CB2415P1,CB2419P1,456,0.00045209928734875495,0.10823641110847378,33.26333786213214
AS6494P3,AS6492P3,348,0.0003450231403451025,0.15760869565217392,32.885507546185536
AS6492P3,AS6494P3,348,0.0003450231403451025,0.0719900703351262,32.885507546185536
CB2565M3,AS6488P3,380,0.00037674940612396243,0.2846441947565543,31.404518143613416
AS6488P3,CB2565M3,380,0.00037674940612396243,0.04156639684970466,31.404518143613416
CB2420P1,CB2416P1,225,0.00022307530625760935,0.1580056179775281,26.938622455956423
CB2416P1,CB2420P1,225,0.00022307530625760935,0.03803245436105477,26.938622455956423
AS6485P1,AS6487P1,358,0.00035493759840099623,0.10585452395032525,26.362428835300904
AS6487P1,AS6485P1,358,0.00035493759840099623,0.08839506172839506,26.362428835300904
CB2418P1,CB2416P1,554,0.0005492609762965137,0.14168797953964193,24.156603013372205
CB2416P1,CB2418P1,554,0.0005492609762965137,0.09364435429344152,24.156603013372205
CB2608P1,CB2739P1,498,0.0004937400111835087,0.1250313833793623,23.70491619457884
CB2739P1,CB2608P1,498,0.0004937400111835087,0.09360902255639098,23.70491619457884
WS1268BF6,TP-GUIDES,971,0.000962693877227283,0.22766705744431417,22.479820735775206
TP-GUIDES,WS1268BF6,971,0.000962693877227283,0.09505628976994616,22.479820735775206
CB2562P1,AS6487P1,265,0.00026273313848118433,0.08515424164524421,21.207148751150466
AS6487P1,CB2562P1,265,0.00026273313848118433,0.0654320987654321,21.207148751150466
NC-GUIDES,protect,732,0.0007257383296914225,0.24522613065326634,20.282242042520927
protect,NC-GUIDES,732,0.0007257383296914225,0.06002460024600246,20.282242042520927
AS6494P3,CB2739P1,228,0.00022604964367437747,0.10326086956521739,19.577406832298138
CB2739P1,AS6494P3,228,0.00022604964367437747,0.04285714285714286,19.577406832298138
CB2419P1,CB2418P1,242,0.00023992988495262873,0.07373552711761121,19.020899551299735
CB2418P1,CB2419P1,242,0.00023992988495262873,0.061892583120204604,19.020899551299735
CB2739P1,CB2586P1,727,0.0007207811006634756,0.13665413533834586,18.920135513801664
CB2586P1,CB2739P1,727,0.0007207811006634756,0.09979409746053534,18.920135513801664
CN2515P1,CNPTGAFLYER,214,0.00021216940239612622,0.06434155141310884,18.79429201236639
CNPTGAFLYER,CN2515P1,214,0.00021216940239612622,0.061975094121054154,18.79429201236639
CN2515P1,CNTPSCFLYER,214,0.00021216940239612622,0.06434155141310884,18.77797752277232
CNTPSCFLYER,CN2515P1,214,0.00021216940239612622,0.061921296296296294,18.77797752277232
NC-GUIDES,NC4532P3,1160,0.0011500771344836748,0.38860971524288107,18.671111316438655
NC4532P3,NC-GUIDES,1160,0.0011500771344836748,0.05525651407612061,18.671111316438655
AS1373P1,CB2739P1,446,0.0004421848292928612,0.0908720456397718,17.22858827999093
CB2739P1,AS1373P1,446,0.0004421848292928612,0.08383458646616541,17.22858827999093
CB2565M3,AS6488P1,949,0.0009408820695043168,0.7108614232209738,16.430513212808204
AS6488P1,CB2565M3,949,0.0009408820695043168,0.021747101150373527,16.430513212808204
AS6485P1,AS6492P1,671,0.0006652601355504706,0.1984033116499113,15.602302777391762
AS6492P1,AS6485P1,671,0.0006652601355504706,0.05231560891938251,15.602302777391762
TP-GUIDES,protect,1921,0.0019045673925371892,0.18805677924620656,15.553860855887072
protect,TP-GUIDES,1921,0.0019045673925371892,0.15752357523575236,15.553860855887072
CB2585P1,CB2608P1,221,0.00021910952303525185,0.05924932975871314,15.003899818195158
CB2608P1,CB2585P1,221,0.00021910952303525185,0.055485814712528246,15.003899818195158
CB2562P1,CB2586P1,332,0.00032916000745567247,0.10668380462724936,14.770661975782192
CB2586P1,CB2562P1,332,0.00032916000745567247,0.04557309540150995,14.770661975782192
P8-GUIDES,protect,486,0.0004818426615164362,0.17475728155339806,14.453881703865582
protect,P8-GUIDES,486,0.0004818426615164362,0.03985239852398524,14.453881703865582
CB2419P1,CB2416P1,265,0.00026273313848118433,0.08074344911639245,13.766075658446361
CB2416P1,CB2419P1,265,0.00026273313848118433,0.04479377958079784,13.766075658446361
CB2418P1,CB2415P1,221,0.00021910952303525185,0.05652173913043478,13.53178464174037
CB2415P1,CB2418P1,221,0.00021910952303525185,0.052456681699501545,13.53178464174037
AS6494P1,CBLOYALFLYER,826,0.0008189342354168236,0.13673232908458866,13.483775481025662
CBLOYALFLYER,AS6494P1,826,0.0008189342354168236,0.08075870160344154,13.483775481025662
CB2739P1,AS6384M4,972,0.0009636853230328724,0.18270676691729323,13.381973778393409
AS6384M4,CB2739P1,972,0.0009636853230328724,0.07058310943286616,13.381973778393409
WB2464P5,WB4957P5,375,0.00037179217709601555,0.2757352941176471,12.976592862789012
WB4957P5,WB2464P5,375,0.00037179217709601555,0.01749720044792833,12.976592862789012
AS6487P1,CB2586P1,376,0.00037278362290160493,0.09283950617283951,12.853881322182398
CB2586P1,AS6487P1,376,0.00037278362290160493,0.05161290322580645,12.853881322182398
WS5399M3,CB2739P1,311,0.0003083396455382956,0.06777075615602528,12.848774857169072
CB2739P1,WS5399M3,311,0.0003083396455382956,0.058458646616541356,12.848774857169072
AS4998M4,CB2739P1,202,0.00020027205272905372,0.06706507304116865,12.714983175069147
CB2739P1,AS4998M4,202,0.00020027205272905372,0.03796992481203008,12.714983175069147
WS1268BF2,TP-GUIDES,646,0.0006404739904107362,0.12764275834815253,12.603432214114576
TP-GUIDES,WS1268BF2,646,0.0006404739904107362,0.06324033284385708,12.603432214114576
AS6483P1,CBLOYALFLYER,320,0.00031726265778859997,0.12441679626749612,12.269286701768877
CBLOYALFLYER,AS6483P1,320,0.00031726265778859997,0.03128666405944466,12.269286701768877
WS1267P5,WS1267P3,326,0.0003232113326221362,0.15106580166821132,12.107206786253844
WS1267P3,WS1267P5,326,0.0003232113326221362,0.025903853794199443,12.107206786253844
AS6485P1,CBLOYALFLYER,410,0.0004064927802916437,0.12123004139562389,11.955026808054882
CBLOYALFLYER,AS6485P1,410,0.0004064927802916437,0.040086038326163476,11.955026808054882
AS6485P1,AS6493P1,509,0.0005046459150449918,0.15050266114725014,11.926555476715007
AS6493P1,AS6485P1,509,0.0005046459150449918,0.03999057196731615,11.926555476715007
TP-GUIDES,WS1325P5,1929,0.0019124989589819042,0.18883994126284875,11.661620784673032
WS1325P5,TP-GUIDES,1929,0.0019124989589819042,0.11810445111124716,11.661620784673032
CB2585P1,CB2584P1,348,0.0003450231403451025,0.0932975871313673,11.59041245389047
CB2584P1,CB2585P1,348,0.0003450231403451025,0.04286242148047789,11.59041245389047
AS6487P1,AS6492P1,596,0.0005909017001312674,0.14716049382716048,11.572602102596385
AS6492P1,AS6487P1,596,0.0005909017001312674,0.046468111648214565,11.572602102596385
AS6492P3,CB2739P1,284,0.00028157060878738246,0.05875051717004551,11.138612148907644
CB2739P1,AS6492P3,284,0.00028157060878738246,0.05338345864661654,11.138612148907644
WS1268BF4,TP-GUIDES,866,0.0008585920676403986,0.11017811704834606,10.878975412847693
TP-GUIDES,WS1268BF4,866,0.0008585920676403986,0.08477728830151737,10.878975412847693
AS6494P1,AS6490P1,1081,0.0010717529158421142,0.1789438834630028,10.743961622091886
AS6490P1,AS6494P1,1081,0.0010717529158421142,0.06434906839692839,10.743961622091886
CB2739P1,AS6569M6,371,0.00036782639387365805,0.06973684210526315,10.691371269029847
AS6569M6,CB2739P1,371,0.00036782639387365805,0.05639154886760906,10.691371269029847
CB2415P1,CB2416P1,264,0.00026174169267559496,0.06266318537859007,10.683543499330046
CB2416P1,CB2415P1,264,0.00026174169267559496,0.04462474645030426,10.683543499330046
CB2739P1,AS6352M4,888,0.0008804038753633649,0.16691729323308271,10.536829117480144
AS6352M4,CB2739P1,888,0.0008804038753633649,0.055576417574164476,10.536829117480144
CB2562P1,CB2584P1,262,0.0002597588010644162,0.08419023136246787,10.459000453093145
CB2584P1,CB2562P1,262,0.0002597588010644162,0.032269983988175883,10.459000453093145
AS1373P1,AS6490P1,853,0.0008457032721677368,0.17379788101059496,10.434990721349745
AS6490P1,AS1373P1,853,0.0008457032721677368,0.050776831954282994,10.434990721349745
CB2585P1,CB2586P1,280,0.00027760482556502496,0.07506702412868632,10.393233001080114
CB2586P1,CB2585P1,280,0.00027760482556502496,0.038435140700068635,10.393233001080114
373437,WB4957P5,281,0.00027859627137061433,0.22004698512137824,10.355802095418323
WB4957P5,373437,281,0.00027859627137061433,0.01311123553564763,10.355802095418323
AS6494P1,AS6486P1,1236,0.0012254270157084674,0.20460188710478397,10.272646333153668
AS6486P1,AS6494P1,1236,0.0012254270157084674,0.0615262083727413,10.272646333153668
WS1268P2,WS1268P1,276,0.00027363904234266746,0.4717948717948718,10.222894540134439
WS1268P1,WS1268P2,276,0.00027363904234266746,0.005929235858987304,10.222894540134439
AS4997M5,CB2739P1,202,0.00020027205272905372,0.053737696195796755,10.18822275161167
CB2739P1,AS4997M5,202,0.00020027205272905372,0.03796992481203008,10.18822275161167
CBLOYALFLYER,AS6495P1,1330,0.0013186229214338686,0.13003519749706688,10.046506409886753
AS6495P1,CBLOYALFLYER,1330,0.0013186229214338686,0.10187667560321716,10.046506409886753
AS6495P3,AS6493P3,343,0.0003400659113171556,0.07872389258664218,10.016793532468744
AS6493P3,AS6495P3,343,0.0003400659113171556,0.04326983726504352,10.016793532468744
AS6487P1,AS6493P1,503,0.0004986972402114555,0.12419753086419753,9.842010304878523
AS6493P1,AS6487P1,503,0.0004986972402114555,0.03951917033312382,9.842010304878523
CB2608P1,AS6569M6,255,0.0002528186804252906,0.06402209389907106,9.81524190990002
AS6569M6,CB2608P1,255,0.0002528186804252906,0.03875968992248062,9.81524190990002
CBLOYALFLYER,AS6493P1,1266,0.0012551703898761486,0.12377786468517794,9.808753936335767
AS6493P1,CBLOYALFLYER,1266,0.0012551703898761486,0.09946574481458202,9.808753936335767
AS6492P3,CB2586P1,342,0.0003390744655115662,0.07074886222589988,9.795371778886059
CB2586P1,AS6492P3,342,0.0003390744655115662,0.04694577899794097,9.795371778886059
AS6385P6,AS6385P2,305,0.00030239097070475934,0.06577528574509381,9.686493635640602
AS6385P2,AS6385P6,305,0.00030239097070475934,0.04453204847422981,9.686493635640602
WB2590P1,WS1267P3,488,0.00048382555312761496,0.11905342766528422,9.541566995564583
WS1267P3,WB2590P1,488,0.00048382555312761496,0.03877632101708383,9.541566995564583
AS5123M6,MH-MAGWIN21,1024,0.0010152405049235198,0.137008295424137,9.41479786054343
MH-MAGWIN21,AS5123M6,1024,0.0010152405049235198,0.06976427306172503,9.41479786054343
CB2586P1,CB2584P1,546,0.0005413294098517987,0.07494852436513384,9.310897922571279
CB2584P1,CB2586P1,546,0.0005413294098517987,0.067249661288336,9.310897922571279
WB1450P1,WS1325P5,305,0.00030239097070475934,0.14834630350194553,9.16097688168495
WS1325P5,WB1450P1,305,0.00030239097070475934,0.018673850486744626,9.16097688168495
CBLOYALFLYER,AS6492P1,1191,0.0011808119544569455,0.1164450527962456,9.157160510819555
AS6492P1,CBLOYALFLYER,1191,0.0011808119544569455,0.09285825666614689,9.157160510819555
AS1373P1,AS6486P1,862,0.0008546262844180411,0.1756316218418908,8.818107993187446
AS6486P1,AS1373P1,862,0.0008546262844180411,0.04290905470655583,8.818107993187446
WB2591P1,NC4532P5,223,0.0002210924146464306,0.05028184892897407,8.745590743495992
NC4532P5,WB2591P1,223,0.0002210924146464306,0.038454906018279014,8.745590743495992
AS6485P1,AS6495P1,363,0.0003598948274289431,0.10733293908929628,8.2925321859639
AS6495P1,AS6485P1,363,0.0003598948274289431,0.02780543852929912,8.2925321859639
AS1373P1,CB2586P1,290,0.0002875192836209187,0.05908720456397718,8.180783660254656
CB2586P1,AS1373P1,290,0.0002875192836209187,0.03980782429649966,8.180783660254656
WB2591P1,NC4532P3,740,0.0007336698961361374,0.1668545659526494,8.016681138840987
NC4532P3,WB2591P1,740,0.0007336698961361374,0.035249845186490734,8.016681138840987
AS6483P1,AS6493P1,258,0.0002557930178420587,0.10031104199066875,7.949129923080156
AS6493P1,AS6483P1,258,0.0002557930178420587,0.02027027027027027,7.949129923080156
AS6494P1,AS6492P1,601,0.0005958589291592143,0.09948683992716438,7.823578074384527
AS6492P1,AS6494P1,601,0.0005958589291592143,0.04685794479962576,7.823578074384527
CB2608P1,CB2584P1,249,0.0002468700055917543,0.06251569168968114,7.766360029262189
CB2584P1,CB2608P1,249,0.0002468700055917543,0.030668801576548835,7.766360029262189
AS6493P1,AS6492P1,1257,0.0012462473776258442,0.09875864236329353,7.766313108498676
AS6492P1,AS6493P1,1257,0.0012462473776258442,0.09800405426477468,7.766313108498676
AS6487P1,AS6488P1,1360,0.00134836629560155,0.3358024691358025,7.761578735036119
AS6488P1,AS6487P1,1360,0.00134836629560155,0.031165497960493147,7.761578735036119
AS6490P1,AS6486P1,2567,0.002545041382947925,0.15280671468539794,7.672115636403183
AS6486P1,AS6490P1,2567,0.002545041382947925,0.12778137289063668,7.672115636403183
AS6485P1,AS6488P1,1110,0.001100504844204206,0.3282081608515671,7.586047501338156
AS6488P1,AS6485P1,1110,0.001100504844204206,0.025436546129520142,7.586047501338156
CB2585P1,protect,339,0.0003361001280947981,0.09088471849865952,7.5169226609156174
protect,CB2585P1,339,0.0003361001280947981,0.02779827798277983,7.5169226609156174
WB2460P5,WB2460P3,209,0.00020721217336817934,0.07830648182840015,7.347173037545636
WB2460P3,WB2460P5,209,0.00020721217336817934,0.01944186046511628,7.347173037545636
AS6487P1,CB2584P1,239,0.0002369555475358606,0.05901234567901235,7.331137356513223
CB2584P1,AS6487P1,239,0.0002369555475358606,0.029437122798374182,7.331137356513223
AS6493P1,AS6495P1,1206,0.0011956836415407861,0.09475172847265871,7.320509106543149
AS6495P1,AS6493P1,1206,0.0011956836415407861,0.09237839908081195,7.320509106543149
AS6492P3,AS6488P3,319,0.0003162712119830106,0.06599089780719901,7.280711799768051
AS6488P3,AS6492P3,319,0.0003162712119830106,0.034893896302778386,7.280711799768051
WB2460P3,WB2460P1,825,0.0008179427896112342,0.07674418604651163,7.142123536051018
WB2460P1,WB2460P3,825,0.0008179427896112342,0.07612105554530356,7.142123536051018
AS6494P1,AS6493P1,543,0.0005383550724350305,0.08988578049991723,7.1229820092764395
AS6493P1,AS6494P1,543,0.0005383550724350305,0.04266184789440603,7.1229820092764395
WB1450P1,WS1324P3,1007,0.0009983859262285004,0.4897859922178988,6.716315438436453
WS1324P3,WB1450P1,1007,0.0009983859262285004,0.013690621856051336,6.716315438436453
WS1325P6,MH-MAGWIN21,1284,0.0012730164143767574,0.09771689497716896,6.714811033317344
MH-MAGWIN21,WS1325P6,1284,0.0012730164143767574,0.08747785801880366,6.714811033317344
AS1373P1,CB2584P1,262,0.0002597588010644162,0.05338223308883456,6.631705258766476
CB2584P1,AS1373P1,262,0.0002597588010644162,0.032269983988175883,6.631705258766476
WS5399M3,CBLOYALFLYER,308,0.00030536530812152747,0.06711701895837874,6.6187040084035615
CBLOYALFLYER,WS5399M3,308,0.00030536530812152747,0.030113414157215485,6.6187040084035615
NC4532P6,MH-MAGWIN21,355,0.0003519632609842281,0.09584233261339092,6.5859967474573695
MH-MAGWIN21,NC4532P6,355,0.0003519632609842281,0.0241858563837035,6.5859967474573695
AS6483P1,AS6495P1,216,0.00021415229400730497,0.08398133748055987,6.488389770995186
AS6495P1,AS6483P1,216,0.00021415229400730497,0.01654538490999617,6.488389770995186
CB2608P1,AS6384M4,351,0.0003479974777618706,0.08812452924930957,6.454496237576981
AS6384M4,CB2608P1,351,0.0003479974777618706,0.025488345072979448,6.454496237576981
AS6493P3,AS6488P3,447,0.00044317627509845057,0.056389554686514444,6.221404918436851
AS6488P3,AS6493P3,447,0.00044317627509845057,0.0488952089258368,6.221404918436851
CBLOYALFLYER,AS6384M4,859,0.000851651947001273,0.08398513883457176,6.151315272125223
AS6384M4,CBLOYALFLYER,859,0.000851651947001273,0.06237745987945683,6.151315272125223
CB2608P1,AS6352M4,387,0.00038368952676308806,0.09716294250564901,6.1335126031786045
AS6352M4,CB2608P1,387,0.00038368952676308806,0.024220803604956816,6.1335126031786045
AS6483P1,AS6486P1,314,0.0003113139829550637,0.12208398133748057,6.129589423488493
AS6486P1,AS6483P1,314,0.0003113139829550637,0.015630444521877646,6.129589423488493
AS6494P1,AS6495P1,479,0.0004749025408773106,0.07929150802847211,6.12605401453403
AS6495P1,AS6494P1,479,0.0004749025408773106,0.03669092301800077,6.12605401453403
WB2618P1,WB2466P1,1990,0.001972977153122856,0.3936696340257171,6.103452650456392
WB2466P1,WB2618P1,1990,0.001972977153122856,0.03058903098868667,6.103452650456392
CBLOYALFLYER,AS6488P1,2613,0.0025906478900050364,0.25547516621040284,5.904931617958343
AS6488P1,CBLOYALFLYER,2613,0.0025906478900050364,0.05987900453732985,5.904931617958343
CBLOYALFLYER,AS6486P1,1168,0.0011580087009283898,0.11419632381697302,5.733566115728302
AS6486P1,CBLOYALFLYER,1168,0.0011580087009283898,0.05814127134252576,5.733566115728302
WB1450P1,WS1268P1,542,0.0005373636266294412,0.26361867704280156,5.712113664919265
WS1268P1,WB1450P1,542,0.0005373636266294412,0.011643644331779415,5.712113664919265
CBLOYALFLYER,AS6490P1,965,0.0009567452023937468,0.09434884630426281,5.664794818154413
AS6490P1,CBLOYALFLYER,965,0.0009567452023937468,0.05744389546996845,5.664794818154413
WB2464P3,WB4957P5,2194,0.0021752320974630884,0.11942085782712823,5.620157754220824
WB4957P5,WB2464P3,2194,0.0021752320974630884,0.10237028742067936,5.620157754220824
AS6492P3,AS6493P3,205,0.00020324639014582184,0.04240794373189905,5.395968143108096
AS6493P3,AS6492P3,205,0.00020324639014582184,0.02586098145578403,5.395968143108096
CB2562P1,AS6488P1,720,0.00071384098002435,0.23136246786632392,5.347602164147636
AS6488P1,CB2562P1,720,0.00071384098002435,0.016499381273202256,5.347602164147636
AS6487P1,CBLOYALFLYER,218,0.00021613518561848372,0.05382716049382716,5.308132697943674
CBLOYALFLYER,AS6487P1,218,0.00021613518561848372,0.021314039890496676,5.308132697943674
NC4532P5,NC4532P3,639,0.0006335338697716106,0.11019141231246767,5.294247788210338
NC4532P3,NC4532P5,639,0.0006335338697716106,0.030438717667794025,5.294247788210338
AS6487P1,AS6495P1,274,0.0002716561507314887,0.06765432098765432,5.226966102576469
AS6495P1,AS6487P1,274,0.0002716561507314887,0.020988127154346992,5.226966102576469
RCPM120P1,AS6269P1,473,0.0004689538660437743,0.444967074317968,5.173201279855958
AS6269P1,RCPM120P1,473,0.0004689538660437743,0.0054520724791368895,5.173201279855958
CB2561P1,AS6486P1,225,0.00022307530625760935,0.10264598540145986,5.153647018940895
AS6486P1,CB2561P1,225,0.00022307530625760935,0.011200159291154362,5.153647018940895
AS6493P1,AS6488P1,2828,0.0028038087382067523,0.22218730358265243,5.135531775928401
AS6488P1,AS6493P1,2828,0.0028038087382067523,0.06480590311196663,5.135531775928401
AS6492P1,AS6495P1,849,0.0008417374889453793,0.06619366910962109,5.1141162839294445
AS6495P1,AS6492P1,849,0.0008417374889453793,0.0650325545767905,5.1141162839294445
TP-GUIDES,WS1268P1,2387,0.0023665811379418376,0.2336759667156143,5.063312272152713
WS1268P1,TP-GUIDES,2387,0.0023665811379418376,0.05127929708479237,5.063312272152713
TP-GUIDES,WS1324P3,3771,0.0037387421328775325,0.36916299559471366,5.062241807661104
WS1324P3,TP-GUIDES,3771,0.0037387421328775325,0.051268455828370994,5.062241807661104
WS1267P1,WS1267P3,539,0.000534389289212673,0.060938383267382705,4.883922100771846
WS1267P3,WS1267P1,539,0.000534389289212673,0.04282876440206595,4.883922100771846
AS6634P1,AS6269P1,243,0.0002409213307582181,0.41680960548885077,4.845841656657852
AS6269P1,AS6634P1,243,0.0002409213307582181,0.002800959011480474,4.845841656657852
CB2584P1,protect,445,0.0004411933834872718,0.054809705628772014,4.5332188412412515
protect,CB2584P1,445,0.0004411933834872718,0.036490364903649035,4.5332188412412515
CBLOYALFLYER,AS6352M4,733,0.0007267297754970118,0.07166601486116543,4.523992316772285
AS6352M4,CBLOYALFLYER,733,0.0007267297754970118,0.045875578921016395,4.523992316772285
AS6492P1,AS6488P1,2434,0.0024131790908045385,0.1897707781069702,4.386271606867344
AS6488P1,AS6492P1,2434,0.0024131790908045385,0.05577707502635318,4.386271606867344
CB2584P1,AS6488P1,1539,0.0015258350948020478,0.18955536396107894,4.381292626640431
AS6488P1,CB2584P1,1539,0.0015258350948020478,0.03526742747146982,4.381292626640431
WB2591P1,protect,233,0.00023100687270232435,0.05253664036076663,4.345217424665791
protect,WB2591P1,233,0.00023100687270232435,0.01910619106191062,4.345217424665791
AS6483P1,CB-GUIDES,2568,0.0025460328287535148,0.9984447900466563,4.3260050675932975
CB-GUIDES,AS6483P1,2568,0.0025460328287535148,0.011031306917763497,4.3260050675932975
AS6489P1,CB-GUIDES,1781,0.0017657649797546767,0.9938616071428571,4.306147312146834
CB-GUIDES,AS6489P1,1781,0.0017657649797546767,0.007650606550053267,4.306147312146834
AS6494P1,CB-GUIDES,5992,0.005940743267091534,0.9918887601390498,4.2975994723252064
CB-GUIDES,AS6494P1,5992,0.005940743267091534,0.025739716141448158,4.2975994723252064
AS6492P1,CB-GUIDES,12706,0.012597310405818598,0.9906440043661313,4.292206264973892
CB-GUIDES,AS6492P1,12706,0.012597310405818598,0.05458091343345132,4.292206264973892
AS6485P1,CB-GUIDES,3344,0.0033153947738908695,0.9887640449438202,4.2840608832073075
CB-GUIDES,AS6485P1,3344,0.0033153947738908695,0.014364754802570535,4.2840608832073075
AS6490P3,CB-GUIDES,2865,0.002840492233013559,0.9882718178682304,4.28192818959757
CB-GUIDES,AS6490P3,2865,0.002840492233013559,0.012307123956149696,4.28192818959757
AS6494P3,CB-GUIDES,2181,0.0021623433019904268,0.9877717391304348,4.279761476750284
CB-GUIDES,AS6494P3,2181,0.0021623433019904268,0.009368878655623905,4.279761476750284
AS6483P3,CB-GUIDES,1500,0.0014871687083840622,0.9874917709019092,4.278548446257822
CB-GUIDES,AS6483P3,1500,0.0014871687083840622,0.006443520395889893,4.278548446257822
CB2569M3,CB-GUIDES,456,0.00045209928734875495,0.987012987012987,4.276473998526303
CB-GUIDES,CB2569M3,456,0.00045209928734875495,0.0019588302003505273,4.276473998526303
AS6493P1,CB-GUIDES,12557,0.01244958498078578,0.9865650534255186,4.274533217234587
CB-GUIDES,AS6493P1,12557,0.01244958498078578,0.053940857074126256,4.274533217234587
AS6492P3,CB-GUIDES,4762,0.004721264926216603,0.9851055026892842,4.2682093584250635
CB-GUIDES,AS6492P3,4762,0.004721264926216603,0.02045602941681845,4.2682093584250635
AS6490P1,CB-GUIDES,16529,0.016387607720586776,0.9839276147389726,4.263105872190369
CB-GUIDES,AS6490P1,16529,0.016387607720586776,0.0710032990824427,4.263105872190369
AS6495P1,CB-GUIDES,12839,0.012729172697961984,0.9834546150900039,4.261056486086293
CB-GUIDES,AS6495P1,12839,0.012729172697961984,0.05515223890855356,4.261056486086293
AS6384M12,CB-GUIDES,1629,0.0016150652173050916,0.982509047044632,4.256959582384846
CB-GUIDES,AS6384M12,1629,0.0016150652173050916,0.006997663149936424,4.256959582384846
AS6569M18,CB-GUIDES,1196,0.0011857691834848924,0.9819376026272578,4.254483660360862
CB-GUIDES,AS6569M18,1196,0.0011857691834848924,0.005137633595656208,4.254483660360862
AS6493P3,AS6493P1,425,0.0004213644673754843,0.053614229847357135,4.248649703211827
AS6493P1,AS6493P3,425,0.0004213644673754843,0.03339094908862351,4.248649703211827
CB2567M3,CB-GUIDES,427,0.00042334735898666307,0.9793577981651376,4.24330602962175
CB-GUIDES,CB2567M3,427,0.00042334735898666307,0.0018342554726966563,4.24330602962175
AS6352M12,CB-GUIDES,1755,0.001739987388809353,0.9793526785714286,4.243283847735931
CB-GUIDES,AS6352M12,1755,0.001739987388809353,0.007538918863191175,4.243283847735931
CB2586P1,protect,373,0.0003698092854848368,0.05120109814687714,4.234756967748126
protect,CB2586P1,373,0.0003698092854848368,0.03058630586305863,4.234756967748126
CBLOYALFLYER,CB-GUIDES,9981,0.009895620585587551,0.9758506061791161,4.228110266715478
CB-GUIDES,CBLOYALFLYER,9981,0.009895620585587551,0.04287518471425135,4.228110266715478
AS6486P1,CB-GUIDES,19567,0.0193996200779673,0.9740156304445219,4.220159787724652
CB-GUIDES,AS6486P1,19567,0.0193996200779673,0.08405357572425169,4.220159787724652
WS5399M9,CB-GUIDES,481,0.00047688543248848933,0.9736842105263158,4.218723830263655
CB-GUIDES,WS5399M9,481,0.00047688543248848933,0.0020662222069486925,4.218723830263655
AS6486P3,CB-GUIDES,2991,0.0029654144045178203,0.9729993493819128,4.215756502664954
CB-GUIDES,AS6486P3,2991,0.0029654144045178203,0.012848379669404447,4.215756502664954
AS6384M4EU,CB-GUIDES,2020,0.002002720527290537,0.9702209414024976,4.203718373848407
CB-GUIDES,AS6384M4EU,2020,0.002002720527290537,0.008677274133131723,4.203718373848407
AS6495P3,CB-GUIDES,4224,0.004187867082809519,0.9694744089970163,4.200483840500715
CB-GUIDES,AS6495P3,4224,0.004187867082809519,0.018144953434825938,4.200483840500715
CB2564M3,CB-GUIDES,464,0.00046003085379346995,0.9686847599164927,4.197062493664096
CB-GUIDES,CB2564M3,464,0.00046003085379346995,0.00199319564246194,4.197062493664096
AS4997M15,CB-GUIDES,501,0.0004967143486002768,0.9671814671814671,4.190549111998303
CB-GUIDES,AS4997M15,501,0.0004967143486002768,0.002152135812227224,4.190549111998303
CB2418P5,CB-GUIDES,524,0.0005195176021288324,0.966789667896679,4.188851546235659
CB-GUIDES,CB2418P5,524,0.0005195176021288324,0.002250936458297536,4.188851546235659
AS6489P3,CB-GUIDES,458,0.0004540821789599337,0.9662447257383966,4.186490451699661
CB-GUIDES,AS6489P3,458,0.0004540821789599337,0.0019674215608783806,4.186490451699661
AS6487P1,CB-GUIDES,3912,0.0038785359914656346,0.965925925925926,4.185109173918411
CB-GUIDES,AS6487P1,3912,0.0038785359914656346,0.016804701192480842,4.185109173918411
CB2420P3,CB-GUIDES,638,0.0006325424239660212,0.9652042360060514,4.181982276686105
CB-GUIDES,CB2420P3,638,0.0006325424239660212,0.002740644008385168,4.181982276686105
AS6487P3,CB-GUIDES,639,0.0006335338697716106,0.9638009049773756,4.175902003443075
CB-GUIDES,AS6487P3,639,0.0006335338697716106,0.0027449396886490944,4.175902003443075
CB2565M3,CB-GUIDES,1286,0.0012749993059879361,0.9632958801498127,4.173713860458029
CB-GUIDES,CB2565M3,1286,0.0012749993059879361,0.005524244819409602,4.173713860458029
AS1373P1,CB-GUIDES,4727,0.004686564323020975,0.963121434392828,4.172958031756973
CB-GUIDES,AS1373P1,4727,0.004686564323020975,0.020305680607581016,4.172958031756973
AS6569M6,CBLOYALFLYER,278,0.0002756219339538462,0.042255661954704364,4.167016406535936
CBLOYALFLYER,AS6569M6,278,0.0002756219339538462,0.02718028940164255,4.167016406535936
CB2418P1,CB-GUIDES,3744,0.0037119730961266196,0.957544757033248,4.148795719771002
CB-GUIDES,CB2418P1,3744,0.0037119730961266196,0.016083026908141174,4.148795719771002
AS6488P1,CB-GUIDES,41784,0.04142657154074644,0.9575140932215042,4.148662861343256
CB-GUIDES,AS6488P1,41784,0.04142657154074644,0.17949070414790885,4.148662861343256
CB2561P1,CB-GUIDES,2096,0.0020780704085153296,0.9562043795620438,4.142988208138188
CB-GUIDES,CB2561P1,2096,0.0020780704085153296,0.009003745833190144,4.142988208138188
CB2418P3,CB-GUIDES,2143,0.0021246683613780305,0.955842997323818,4.14142243163308
CB-GUIDES,CB2418P3,2143,0.0021246683613780305,0.009205642805594693,4.14142243163308
AS6493P3,CB-GUIDES,7570,0.0075052447483115676,0.95496404692822,4.137614165113564
CB-GUIDES,AS6493P3,7570,0.0075052447483115676,0.03251829959792433,4.137614165113564
AS6485P3,CB-GUIDES,630,0.0006246108575213062,0.9545454545454546,4.135800511732675
CB-GUIDES,AS6485P3,630,0.0006246108575213062,0.002706278566273755,4.135800511732675
CB2586P1,CB-GUIDES,6948,0.006888565457234977,0.9537405628002745,4.132313122341469
CB-GUIDES,CB2586P1,6948,0.006888565457234977,0.029846386473761984,4.132313122341469
CB2416P5,CB-GUIDES,605,0.0005998247123815718,0.952755905511811,4.12804685498027
CB-GUIDES,CB2416P5,605,0.0005998247123815718,0.00259888655967559,4.12804685498027
CB2562P1,CB-GUIDES,2954,0.002928730909711013,0.949228791773779,4.112764776234592
CB-GUIDES,CB2562P1,2954,0.002928730909711013,0.012689439499639164,4.112764776234592
CB2463M15,CB-GUIDES,543,0.0005383550724350305,0.9476439790575916,4.105898189409003
CB-GUIDES,CB2463M15,543,0.0005383550724350305,0.0023325543833121413,4.105898189409003
CB2461M12,CB-GUIDES,848,0.0008407460431397899,0.9432703003337041,4.0869481618139085
CB-GUIDES,CB2461M12,848,0.0008407460431397899,0.003642736863809753,4.0869481618139085
CB2584P1,CB-GUIDES,7640,0.007574645954702824,0.9410025865254341,4.077122739793359
CB-GUIDES,CB2584P1,7640,0.007574645954702824,0.032818997216399186,4.077122739793359
CB2608P1,CB-GUIDES,3748,0.003715938879348977,0.9409992467988954,4.0771082696152625
CB-GUIDES,CB2608P1,3748,0.003715938879348977,0.01610020962919688,4.0771082696152625
WS5399M3,CB-GUIDES,4315,0.004278088651118153,0.9402920026149488,4.074043962049858
CB-GUIDES,WS5399M3,4315,0.004278088651118153,0.01853586033884326,4.074043962049858
CB2415P3,CB-GUIDES,1856,0.0018401234151738798,0.9378473976755938,4.063452116149777
CB-GUIDES,CB2415P3,1856,0.0018401234151738798,0.00797278256984776,4.063452116149777
CB2419P1,CB-GUIDES,3075,0.003048695852187328,0.9369287020109689,4.059471643578472
CB-GUIDES,CB2419P1,3075,0.003048695852187328,0.013209216811574281,4.059471643578472
CB2739P1,protect,261,0.00025876735525882683,0.04906015037593985,4.0576827678051215
protect,CB2739P1,261,0.00025876735525882683,0.021402214022140223,4.0576827678051215
CB2416P1,CB-GUIDES,5539,0.005491618317159547,0.9362745098039216,4.056637196615475
CB-GUIDES,CB2416P1,5539,0.005491618317159547,0.02379377298188941,4.056637196615475
CB2419P3,CB-GUIDES,1521,0.001507989070301439,0.9354243542435424,4.052953690728014
CB-GUIDES,CB2419P3,1521,0.001507989070301439,0.006533729681432352,4.052953690728014
CB2416P3,CB-GUIDES,3045,0.0030189524780196465,0.9306234718826406,4.032152699397075
CB-GUIDES,CB2416P3,3045,0.0030189524780196465,0.013080346403656483,4.032152699397075
AS6384M4,CB-GUIDES,12804,0.012694472094766356,0.9297799724057803,4.0284980326115045
CB-GUIDES,AS6384M4,12804,0.012694472094766356,0.05500189009931613,4.0284980326115045
CB2420P1,CB-GUIDES,1324,0.0013126742466003324,0.9297752808988764,4.028477705515963
CB-GUIDES,CB2420P1,1324,0.0013126742466003324,0.0056874806694388125,4.028477705515963
CB2462M12,CB-GUIDES,519,0.0005145603731008855,0.9284436493738819,4.0227080878238075
CB-GUIDES,CB2462M12,519,0.0005145603731008855,0.002229458056977903,4.0227080878238075
AS4998M4,CB-GUIDES,2790,0.002766133797594356,0.9262948207171314,4.013397764658059
CB-GUIDES,AS4998M4,2790,0.002766133797594356,0.011984947936355201,4.013397764658059
CB2585P1,CB-GUIDES,3445,0.0034155308002553966,0.9235924932975871,4.001689273384647
CB-GUIDES,CB2585P1,3445,0.0034155308002553966,0.014798618509227122,4.001689273384647
CB2415P1,CB-GUIDES,3886,0.003852758400520311,0.9223830999287919,3.996449282256166
CB-GUIDES,CB2415P1,3886,0.003852758400520311,0.01669301350561875,3.996449282256166
AS6352M4,CB-GUIDES,14723,0.014597056595692366,0.9214544999374139,3.9924258967785575
CB-GUIDES,AS6352M4,14723,0.014597056595692366,0.06324530052579126,3.9924258967785575
AS6385P6,MH-MAGWIN21,269,0.00026669892170354183,0.058011645460427,3.9863857431161986
MH-MAGWIN21,AS6385P6,269,0.00026669892170354183,0.01832674751328519,3.9863857431161986
AS4997M5,CB-GUIDES,3452,0.003422470920894522,0.9183293429103485,3.9788853933166903
CB-GUIDES,AS4997M5,3452,0.003422470920894522,0.014828688271074607,3.9788853933166903
CB2586P1,AS6488P1,1236,0.0012254270157084674,0.1696636925188744,3.9215259832697935
AS6488P1,CB2586P1,1236,0.0012254270157084674,0.028323937852330536,3.9215259832697935
AS6569M6,CB-GUIDES,5946,0.005895136760034423,0.9037847697218422,3.9158674899266397
CB-GUIDES,AS6569M6,5946,0.005895136760034423,0.025542114849307535,3.9158674899266397
373437,AS6269P3,757,0.0007505244748311567,0.5927956147220047,3.8935827984985063
AS6269P3,373437,757,0.0007505244748311567,0.004929572878883585,3.8935827984985063
CB2463M5,CB-GUIDES,1101,0.0010915818319539017,0.8965798045602605,3.884650224724245
CB-GUIDES,CB2463M5,1101,0.0010915818319539017,0.004729543970583182,3.884650224724245
CB2643M8,CB-GUIDES,447,0.00044317627509845057,0.8904382470119522,3.8580404318325856
CB-GUIDES,CB2643M8,447,0.00044317627509845057,0.0019201690779751882,3.8580404318325856
CB2417P1,CB-GUIDES,802,0.0007951395360826786,0.8891352549889135,3.852394901753316
CB-GUIDES,CB2417P1,802,0.0007951395360826786,0.0034451355716691293,3.852394901753316
CB2461M4,CB-GUIDES,2312,0.0022922227025226347,0.8831168831168831,3.826318840786692
CB-GUIDES,CB2461M4,2312,0.0022922227025226347,0.009931612770198288,3.826318840786692
AS6488P3,CB-GUIDES,8064,0.007995018976272718,0.8820826952526799,3.8218379701506926
CB-GUIDES,AS6488P3,8064,0.007995018976272718,0.03464036564830406,3.8218379701506926
CB2642M8,CB-GUIDES,504,0.0004996886860170449,0.875,3.7911504690882847
CB-GUIDES,CB2642M8,504,0.0004996886860170449,0.002165022853019004,3.7911504690882847
AS6634P3,AS6269P3,335,0.0003321343448724406,0.576592082616179,3.7871552333894973
AS6269P3,AS6634P3,335,0.0003321343448724406,0.002181515078501983,3.7871552333894973
CB2462M4,CB-GUIDES,1337,0.0013255630420729943,0.8543130990415335,3.7015194356338013
CB-GUIDES,CB2462M4,1337,0.0013255630420729943,0.005743324512869858,3.7015194356338013
AS6493P1,AS6486P1,920,0.0009121301411422249,0.07228158390949088,3.629111922717008
AS6486P1,AS6493P1,920,0.0009121301411422249,0.04579620687938673,3.629111922717008
AS6493P3,CBLOYALFLYER,291,0.0002885107294265081,0.03670997855430806,3.6201322105274376
CBLOYALFLYER,AS6493P3,291,0.0002885107294265081,0.02845131012905749,3.6201322105274376
CB2585P1,AS6488P1,576,0.0005710727840194799,0.1544235924932976,3.569273551705618
AS6488P1,CB2585P1,576,0.0005710727840194799,0.013199505018561803,3.569273551705618
CB2739P1,CB-GUIDES,4340,0.004302874796257887,0.8157894736842105,3.5346064523830627
CB-GUIDES,CB2739P1,4340,0.004302874796257887,0.018643252345441425,3.5346064523830627
AS6493P3,CB2584P1,222,0.00022010096884084122,0.028005550649678315,3.479145527858571
CB2584P1,AS6493P3,222,0.00022010096884084122,0.027343268875477274,3.479145527858571
AS6487P1,AS6486P1,265,0.00026273313848118433,0.0654320987654321,3.2852131471740877
AS6486P1,AS6487P1,265,0.00026273313848118433,0.013191298720692916,3.2852131471740877
AS6492P1,AS6486P1,830,0.0008229000186391811,0.06471230313425853,3.2490736664692577
AS6486P1,AS6492P1,830,0.0008229000186391811,0.041316143162924986,3.2490736664692577
NC4532P5,protect,224,0.00022208386045201997,0.03862734954302466,3.1948033058533722
protect,NC4532P5,224,0.00022208386045201997,0.01836818368183682,3.1948033058533722
CNPTGAFLYER,AS6486P1,217,0.00021514373981289435,0.06284390385172314,3.155265122910837
AS6486P1,CNPTGAFLYER,217,0.00021514373981289435,0.010801931405246653,3.155265122910837
CNTPSCFLYER,AS6486P1,217,0.00021514373981289435,0.06278935185185185,3.1525261774916435
AS6486P1,CNTPSCFLYER,217,0.00021514373981289435,0.010801931405246653,3.1525261774916435
AS2376P1,protect,422,0.0004183901299587162,0.03802486934582808,3.1449731790523887
protect,AS2376P1,422,0.0004183901299587162,0.03460434604346044,3.1449731790523887
AS5123M6,PQ-GUIDES,7091,0.0070303422074342575,0.9487556863794487,3.1361765491480047
PQ-GUIDES,AS5123M6,7091,0.0070303422074342575,0.023239275063087865,3.1361765491480047
AS6495P1,AS6488P1,1767,0.0017518847384764254,0.13535044044427422,3.128425776718168
AS6488P1,AS6495P1,1767,0.0017518847384764254,0.0404922315413172,3.128425776718168
AS6634P1,AS6269P3,276,0.00027363904234266746,0.4734133790737564,3.109459894039611
AS6269P3,AS6634P1,276,0.00027363904234266746,0.0017973079452732754,3.109459894039611
WB2563M3,AS6269P3,257,0.00025480157203646933,0.4724264705882353,3.1029777106234615
AS6269P3,WB2563M3,257,0.00025480157203646933,0.0016735802244030138,3.1029777106234615
WB2464P3,AS6269P3,8616,0.008542297060958054,0.4689745264532985,3.0803047522354836
AS6269P3,WB2464P3,8616,0.008542297060958054,0.05610726542200921,3.0803047522354836
AS6269P1,PQ-GUIDES,80227,0.07954072264501878,0.9247429572594402,3.056800837330563
PQ-GUIDES,AS6269P1,80227,0.07954072264501878,0.2629272768983712,3.056800837330563
AS6269P3,PQ-GUIDES,141647,0.1404353240243182,0.9224031830584191,3.0490665543271622
PQ-GUIDES,AS6269P3,141647,0.1404353240243182,0.46421852980696754,3.0490665543271622
CB2586P1,AS6486P1,442,0.0004382190460705037,0.0606726149622512,3.046249105686968
AS6486P1,CB2586P1,442,0.0004382190460705037,0.022002090696401015,3.046249105686968
AS6485P1,AS6486P1,205,0.00020324639014582184,0.060615020697811946,3.0433574143258832
AS6486P1,AS6485P1,205,0.00020324639014582184,0.010204589576385086,3.0433574143258832
373437,PQ-GUIDES,1162,0.0011520600260948536,0.9099451840250588,3.0078857899020974
PQ-GUIDES,373437,1162,0.0011520600260948536,0.003808212892865336,3.0078857899020974
WB4957P5,PQ-GUIDES,19373,0.01920727959168296,0.9039287047405749,2.9879979077936505
PQ-GUIDES,WB4957P5,19373,0.01920727959168296,0.06349097106151476,2.9879979077936505
RCPM120P1,PQ-GUIDES,959,0.0009507965275602105,0.9021636876763875,2.9821635236576522
PQ-GUIDES,RCPM120P1,959,0.0009507965275602105,0.0031429226886900666,2.9821635236576522
AS6493P1,AS6490P1,629,0.0006236194117157168,0.04941860465116279,2.9671402090656005
AS6490P1,AS6493P1,629,0.0006236194117157168,0.03744270492291208,2.9671402090656005
WB2464P1,AS6269P1,2467,0.0024458968023889876,0.25383269883732895,2.9510669851410554
AS6269P1,WB2464P1,2467,0.0024458968023889876,0.028436073585688598,2.9510669851410554
RCPM120P1,AS6269P3,476,0.00047192820346054245,0.4477892756349953,2.9411564081528367
AS6269P3,RCPM120P1,476,0.00047192820346054245,0.003099705007065504,2.9411564081528367
CB2584P1,AS6486P1,468,0.00046399663701582745,0.057642566818573715,2.8941165257147876
AS6486P1,CB2584P1,468,0.00046399663701582745,0.023296331325601074,2.8941165257147876
CB2416P1,protect,207,0.0002052292817570006,0.03498985801217039,2.893952481106961
protect,CB2416P1,207,0.0002052292817570006,0.016974169741697416,2.893952481106961
AS6495P1,AS6486P1,752,0.0007455672458032099,0.05760245116813482,2.8921024001599624
AS6486P1,AS6495P1,752,0.0007455672458032099,0.037433421275324806,2.8921024001599624
AS6634P1,PQ-GUIDES,510,0.0005056373608505812,0.8747855917667239,2.8916633626732446
PQ-GUIDES,AS6634P1,510,0.0005056373608505812,0.0016714187395536328,2.8916633626732446
AS6634P3,PQ-GUIDES,501,0.0004967143486002768,0.8623063683304647,2.8504124395386228
PQ-GUIDES,AS6634P3,501,0.0004967143486002768,0.0016419231147379806,2.8504124395386228
WB2464P1,WB2466P1,1771,0.001755850521698783,0.1822203930445519,2.82514434634377
WB2466P1,WB2464P1,1771,0.001755850521698783,0.027222700442695525,2.82514434634377
WB2466P1,PQ-GUIDES,55359,0.05488544835162221,0.850943802262666,2.8128527034004795
PQ-GUIDES,WB2466P1,55359,0.05488544835162221,0.18142758824107758,2.8128527034004795
WB2563M3,PQ-GUIDES,455,0.00045110784154316557,0.8363970588235294,2.7647674520599708
PQ-GUIDES,WB2563M3,455,0.00045110784154316557,0.0014911676990135353,2.7647674520599708
CB2585P1,AS6486P1,205,0.00020324639014582184,0.054959785522788206,2.7594195107909214
AS6486P1,CB2585P1,205,0.00020324639014582184,0.010204589576385086,2.7594195107909214
CNTPVFLYER,CB-GUIDES,1615,0.0016011849760268404,0.6254841208365608,2.7100621921334866
CB-GUIDES,CNTPVFLYER,1615,0.0016011849760268404,0.006937523626241451,2.7100621921334866
WS1267P3,MH-MAGWIN21,493,0.0004887827821555618,0.03917361938816051,2.6918932672190734
MH-MAGWIN21,WS1267P3,493,0.0004887827821555618,0.03358768224553754,2.6918932672190734
CNPTGAFLYER,CB-GUIDES,2102,0.002084019083348866,0.6087460179554011,2.637540287459708
CB-GUIDES,CNPTGAFLYER,2102,0.002084019083348866,0.009029519914773703,2.637540287459708
CNTPSCFLYER,CB-GUIDES,2102,0.002084019083348866,0.6082175925925926,2.6352507559601768
CB-GUIDES,CNTPSCFLYER,2102,0.002084019083348866,0.009029519914773703,2.6352507559601768
AS6384M4,MH-MAGWIN21,516,0.0005115860356841174,0.03747004574831167,2.5748288120335268
MH-MAGWIN21,AS6384M4,516,0.0005115860356841174,0.03515465322250988,2.5748288120335268
AS6494P1,MH-MAGWIN21,222,0.00022010096884084122,0.036748882635325275,2.525272652589104
MH-MAGWIN21,AS6494P1,222,0.00022010096884084122,0.015124676386428669,2.525272652589104
AS6492P1,AS6490P1,529,0.0005244748311567793,0.041244347419304536,2.476349999930847
AS6490P1,AS6492P1,529,0.0005244748311567793,0.03148996964105006,2.476349999930847
MH-MAGWIN21,WS1324P3,2645,0.0026223741557838964,0.18020166235181906,2.471061292310283
WS1324P3,MH-MAGWIN21,2645,0.0026223741557838964,0.03595997498436523,2.471061292310283
MH-MAGWIN21,AS6352M4,567,0.0005621497717691755,0.038629241041013763,2.4385113363822524
AS6352M4,MH-MAGWIN21,567,0.0005621497717691755,0.03548629365377394,2.4385113363822524
WB2464P1,PQ-GUIDES,7134,0.0070729743770746,0.7340261343759646,2.4263733879440252
PQ-GUIDES,WB2464P1,7134,0.0070729743770746,0.023380198603873758,2.4263733879440252
CB2586P1,AS6490P1,289,0.00028652783781532934,0.039670555936856554,2.381858056639071
AS6490P1,CB2586P1,289,0.00028652783781532934,0.017203404964581226,2.381858056639071
CNTPVFLYER,AS6488P1,263,0.0002607502468700056,0.1018590240123935,2.3543210887660395
AS6488P1,CNTPVFLYER,263,0.0002607502468700056,0.006026857326183602,2.3543210887660395
AS6494P1,AS6488P1,608,0.0006027990497983399,0.10064558847872869,2.3262743163326265
AS6488P1,AS6494P1,608,0.0006027990497983399,0.013932810852926348,2.3262743163326265
NC4532P1,NC4532P3,798,0.0007911737528603211,0.046743205248359884,2.2458203031125965
NC4532P3,NC4532P1,798,0.0007911737528603211,0.038012670890296765,2.2458203031125965
CNPTGAFLYER,AS6488P1,326,0.0003232113326221362,0.09441065739936287,2.1821630815207977
AS6488P1,CNPTGAFLYER,326,0.0003232113326221362,0.007470553187588799,2.1821630815207977
CNTPSCFLYER,AS6488P1,326,0.0003232113326221362,0.0943287037037037,2.1802688427347556
AS6488P1,CNTPSCFLYER,326,0.0003232113326221362,0.007470553187588799,2.1802688427347556
AS6483P1,AS6488P1,242,0.00023992988495262873,0.09409020217729394,2.1747562317631335
AS6488P1,AS6483P1,242,0.00023992988495262873,0.005545625372381869,2.1747562317631335
WB2464P3,PQ-GUIDES,11915,0.011813076773597402,0.6485412584367516,2.143797307424848
PQ-GUIDES,WB2464P3,11915,0.011813076773597402,0.03904892996427752,2.143797307424848
CB2584P1,AS6490P1,281,0.00027859627137061433,0.034610173666707725,2.078027873391516
AS6490P1,CB2584P1,281,0.00027859627137061433,0.016727186142032262,2.078027873391516
protect,WS1325P5,410,0.0004064927802916437,0.033620336203362036,2.0761900731111638
WS1325P5,protect,410,0.0004064927802916437,0.025102553113328843,2.0761900731111638
AS6493P3,AS6384M4,223,0.0002210924146464306,0.02813170177873092,2.060447469441421
AS6384M4,AS6493P3,223,0.0002210924146464306,0.01619345000363082,2.060447469441421
AS6493P3,AS6495P1,210,0.00020820361917376872,0.026491737101047054,2.046748970414009
AS6495P1,AS6493P3,210,0.00020820361917376872,0.0160857908847185,2.046748970414009
AS6495P1,MH-MAGWIN21,380,0.00037674940612396243,0.02910762160091919,2.0001881836825124
MH-MAGWIN21,AS6495P1,380,0.00037674940612396243,0.025889085706499525,2.0001881836825124
AS6495P1,AS6490P1,431,0.00042731314220902057,0.0330141708157794,1.9822023383283494
AS6490P1,AS6495P1,431,0.00042731314220902057,0.025656289064825286,1.9822023383283494
AS6493P1,MH-MAGWIN21,360,0.000356920490012175,0.028284098051539912,1.9435981230091701
MH-MAGWIN21,AS6493P1,360,0.000356920490012175,0.024526502248262708,1.9435981230091701
WB2618P1,PQ-GUIDES,2958,0.0029326966929333707,0.5851632047477745,1.9342968337375488
PQ-GUIDES,WB2618P1,2958,0.0029326966929333707,0.00969422868941107,1.9342968337375488
WB2464P1,AS6269P3,2832,0.00280777452142911,0.29138800288095484,1.9138861481594636
AS6269P3,WB2464P1,2832,0.00280777452142911,0.018441942394977956,1.9138861481594636
AS6492P1,MH-MAGWIN21,357,0.00035394615259540685,0.027834087010759394,1.9126747181828743
MH-MAGWIN21,AS6492P1,357,0.00035394615259540685,0.024322114729527184,1.9126747181828743
AS6486P1,AS6488P1,1650,0.0016358855792224685,0.08213450146846533,1.8984178456193055
AS6488P1,AS6486P1,1650,0.0016358855792224685,0.03781108208442183,1.8984178456193055
protect,AS6384M4,313,0.00031032253714947434,0.025666256662566625,1.879871115028048
AS6384M4,protect,313,0.00031032253714947434,0.022728923099266576,1.879871115028048
AS6488P3,MH-MAGWIN21,249,0.0002468700055917543,0.027236928462043317,1.871639779316925
MH-MAGWIN21,AS6488P3,249,0.0002468700055917543,0.016964164055048372,1.871639779316925
CB2608P1,AS6488P1,317,0.00031428832037183184,0.07958825006276676,1.8395650003278865
AS6488P1,CB2608P1,317,0.00031428832037183184,0.007264310921673771,1.8395650003278865
WB2464P1,AS1185P1,251,0.0002488528972029331,0.025825702232739993,1.8175081210999215
AS1185P1,WB2464P1,251,0.0002488528972029331,0.017513257047167177,1.8175081210999215
protect,AS6488P1,948,0.0009398906236987274,0.07773677736777368,1.796770940072937
AS6488P1,protect,948,0.0009398906236987274,0.021724185343049637,1.796770940072937
WB2460P3,protect,233,0.00023100687270232435,0.021674418604651163,1.7926548165946776
protect,WB2460P3,233,0.00023100687270232435,0.01910619106191062,1.7926548165946776
DB-GUIDES,MH-MAGWIN21,307,0.0003043738623159381,0.02584610203738003,1.7760663718325755
MH-MAGWIN21,DB-GUIDES,307,0.0003043738623159381,0.02091565608393514,1.7760663718325755
protect,AS6352M4,337,0.00033411723648361935,0.027634276342763428,1.7444426636030035
AS6352M4,protect,337,0.00033411723648361935,0.021091500813618727,1.7444426636030035
WB2460P1,protect,225,0.00022307530625760935,0.020760287875991882,1.7170485969484164
protect,WB2460P1,225,0.00022307530625760935,0.01845018450184502,1.7170485969484164
WB2464P1,AS1114P1,220,0.00021811807722966247,0.022636073670130673,1.707657271036392
AS1114P1,WB2464P1,220,0.00021811807722966247,0.016454749439042633,1.707657271036392
protect,WS1267P3,256,0.00025381012623087995,0.02099220992209922,1.6824259602151048
WS1267P3,protect,256,0.00025381012623087995,0.020341676599125943,1.6824259602151048
AS1373P1,AS6488P1,357,0.00035394615259540685,0.07273838630806846,1.6812405038071057
AS6488P1,AS1373P1,357,0.00035394615259540685,0.008180943214629451,1.6812405038071057
WB2618P1,AS6269P3,1279,0.0012680591853488105,0.2530168150346192,1.6618576357243469
AS6269P3,WB2618P1,1279,0.0012680591853488105,0.008328829210161303,1.6618576357243469
AS6493P3,AS6352M4,207,0.0002052292817570006,0.02611328371388924,1.6484284094237498
AS6352M4,AS6493P3,207,0.0002052292817570006,0.012955313556139693,1.6484284094237498
protect,AS6486P1,381,0.0003777408519295518,0.03124231242312423,1.5686132258803798
AS6486P1,protect,381,0.0003777408519295518,0.01896560306635472,1.5686132258803798
protect,CB-GUIDES,4361,0.0043236951581752635,0.35760557605576054,1.5494131970427234
CB-GUIDES,protect,4361,0.0043236951581752635,0.018733461630983883,1.5494131970427234
MH-MAGWIN21,AS6269P3,3459,0.003429411041533648,0.2356588091020575,1.5478472894316342
AS6269P3,MH-MAGWIN21,3459,0.003429411041533648,0.022524957183696594,1.5478472894316342
AS1185P1,WB2464P3,398,0.0003945954306245712,0.027770025118615684,1.5245822390234651
WB2464P3,AS1185P1,398,0.0003945954306245712,0.021663400827345962,1.5245822390234651
AS2376P1,WB2464P3,305,0.00030239097070475934,0.027482429266534512,1.508793145343249
WB2464P3,AS2376P1,305,0.00030239097070475934,0.01660134988025256,1.508793145343249
WS1325P5,WS1324P3,1750,0.001735030159781406,0.1071450437764036,1.4692537620538164
WS1324P3,WS1325P5,1750,0.001735030159781406,0.023792043940506293,1.4692537620538164
protect,WB2466P1,1128,0.0011183508687048148,0.09249692496924969,1.434072006239
WB2466P1,protect,1128,0.0011183508687048148,0.01733890801770782,1.434072006239
MH-MAGWIN21,NC4532P3,437,0.0004332618170425568,0.029772448562474452,1.4304446838789826
NC4532P3,MH-MAGWIN21,437,0.0004332618170425568,0.02081646263040061,1.4304446838789826
WB2464P1,WB4957P5,290,0.0002875192836209187,0.029838460746990432,1.4042509792047155
WB4957P5,WB2464P1,290,0.0002875192836209187,0.01353116834639791,1.4042509792047155
AS6384M4,AS6352M4,304,0.00030139952489916997,0.022075375789703,1.393531238704253
AS6352M4,AS6384M4,304,0.00030139952489916997,0.019026160971335585,1.393531238704253
protect,AS6490P1,280,0.00027760482556502496,0.022960229602296024,1.378554108179334
AS6490P1,protect,280,0.00027760482556502496,0.016667658789213644,1.378554108179334
CB0513P1,CB-GUIDES,320,0.00031726265778859997,0.3155818540433925,1.3673351931341235
CB-GUIDES,CB0513P1,320,0.00031726265778859997,0.0013746176844565106,1.3673351931341235
WS1268P1,WS1324P3,4559,0.00452000142768196,0.0979398053663881,1.3430245806766363
WS1324P3,WS1268P1,4559,0.00452000142768196,0.06198167332843897,1.3430245806766363
AS1114P1,WB2464P3,322,0.0003192455493997787,0.024083769633507852,1.3222057695354756
WB2464P3,AS1114P1,322,0.0003192455493997787,0.017526671021119093,1.3222057695354756
AS6493P1,AS6384M4,229,0.00022704108947996685,0.017991829038340665,1.3177737665589622
AS6384M4,AS6493P1,229,0.00022704108947996685,0.016629148210006536,1.3177737665589622
CB2739P1,AS6488P1,297,0.00029445940426004434,0.05582706766917293,1.2903603191947972
AS6488P1,CB2739P1,297,0.00029445940426004434,0.00680599477519593,1.2903603191947972
MH-MAGWIN21,AS6486P1,359,0.0003559290442065856,0.024458373075350866,1.2280053720068194
AS6486P1,MH-MAGWIN21,359,0.0003559290442065856,0.017870476380108517,1.2280053720068194
AS2376P1,WB4957P5,288,0.00028553639200973996,0.025950621733645703,1.2212823673928517
WB4957P5,AS2376P1,288,0.00028553639200973996,0.013437849944008958,1.2212823673928517
MH-MAGWIN21,AS6488P1,754,0.0007475501374143886,0.051369396375528,1.1873278227108497
AS6488P1,MH-MAGWIN21,754,0.0007475501374143886,0.017278518722214583,1.1873278227108497
protect,NC4532P3,301,0.00029842518748240184,0.024682246822468223,1.1858812579456237
NC4532P3,protect,301,0.00029842518748240184,0.014338112704234745,1.1858812579456237
AS6495P1,AS6384M4,204,0.00020225494434023247,0.015626196859440826,1.1445080013030342
AS6384M4,AS6495P1,204,0.00020225494434023247,0.014813739016774382,1.1445080013030342
protect,WS1268P1,636,0.0006305595323548424,0.052152521525215254,1.130045618185886
WS1268P1,protect,636,0.0006305595323548424,0.013663021762014222,1.130045618185886
AS6488P3,AS6488P1,440,0.00043623615445932494,0.04812951214176329,1.1124426777698893
AS6488P1,AS6488P3,440,0.00043623615445932494,0.010082955222512489,1.1124426777698893
WB2464P5,PQ-GUIDES,438,0.0004342532628481462,0.3220588235294118,1.0645873793426524
PQ-GUIDES,WB2464P5,438,0.0004342532628481462,0.0014354537410284141,1.0645873793426524
AS6495P1,AS6352M4,220,0.00021811807722966247,0.01685178092684795,1.0637863370061833
AS6352M4,AS6495P1,220,0.00021811807722966247,0.013768932281887596,1.0637863370061833
protect,WB4957P5,271,0.0002686818133147206,0.022222222222222223,1.0458172618306998
WB4957P5,protect,271,0.0002686818133147206,0.012644643523702875,1.0458172618306998
AS6490P1,AS6488P1,730,0.0007237554380802437,0.04345496755759271,1.0043974750831757
AS6488P1,AS6490P1,730,0.0007237554380802437,0.016728539346441175,1.0043974750831757
MH-MAGWIN21,AS6490P1,236,0.00023398121011909248,0.01607848480719444,0.9653675798625463
AS6490P1,MH-MAGWIN21,236,0.00023398121011909248,0.014048455265194357,0.9653675798625463
protect,WB2464P3,213,0.00021117795659053685,0.017466174661746617,0.958897932545622
WB2464P3,protect,213,0.00021117795659053685,0.011593729588504246,0.958897932545622
MH-MAGWIN21,CB-GUIDES,3236,0.003208318626887217,0.220466003542717,0.9552226202845612
CB-GUIDES,MH-MAGWIN21,3236,0.003208318626887217,0.013900821334066463,0.9552226202845612
MH-MAGWIN21,PQ-GUIDES,4173,0.004137303346724461,0.2843030385611119,0.9397830602622395
PQ-GUIDES,MH-MAGWIN21,4173,0.004137303346724461,0.013676138039524137,0.9397830602622395
protect,WS1324P3,824,0.0008169513438056449,0.06756867568675687,0.9265527125728337
WS1324P3,protect,824,0.0008169513438056449,0.011202653832558392,0.9265527125728337
WB2464P3,WB2466P1,1019,0.001010283275895573,0.05546483779664707,0.8599266542233851
WB2466P1,WB2464P3,1019,0.001010283275895573,0.01566342843089031,0.8599266542233851
AS2376P1,AS6269P3,1434,0.0014217332852151637,0.12921247071544423,0.8486895665803421
AS6269P3,AS2376P1,1434,0.0014217332852151637,0.00933818693305028,0.8486895665803421
AS1185P1,WB4957P5,257,0.00025480157203646933,0.017931900641920177,0.8439071052938907
WB4957P5,AS1185P1,257,0.00025480157203646933,0.011991414706980216,0.8439071052938907
CB2416P1,AS6488P1,202,0.00020027205272905372,0.0341446923597025,0.7892041973826026
AS6488P1,CB2416P1,202,0.00020027205272905372,0.004628993079426188,0.7892041973826026
AS6493P3,AS6488P1,267,0.0002647160300923631,0.03368235145704554,0.7785178694123683
AS6488P1,AS6493P3,267,0.0002647160300923631,0.006118520555479169,0.7785178694123683
AS1114P1,WB4957P5,220,0.00021811807722966247,0.016454749439042633,0.7743897451102414
WB4957P5,AS1114P1,220,0.00021811807722966247,0.010265024262784622,0.7743897451102414
AS1185P2,PQ-GUIDES,270,0.0002676903675091312,0.2188006482982172,0.7232604473232203
PQ-GUIDES,AS1185P2,270,0.0002676903675091312,0.0008848687444695703,0.7232604473232203
AS2376P1,PQ-GUIDES,2417,0.002396324512109519,0.21778698864660298,0.7199097262958276
PQ-GUIDES,AS2376P1,2417,0.002396324512109519,0.007921213908825747,0.7199097262958276
AS1114P2,PQ-GUIDES,217,0.00021514373981289435,0.21656686626746507,0.7158765286586726
PQ-GUIDES,AS1114P2,217,0.00021514373981289435,0.0007111722872218399,0.7158765286586726
protect,AS6269P3,1325,0.0013136656924059218,0.10865108651086511,0.7136388849220245
AS6269P3,protect,1325,0.0013136656924059218,0.008628380534373514,0.7136388849220245
AS1185P1,PQ-GUIDES,3063,0.0030367985025202553,0.21371755512140664,0.7064579365745556
PQ-GUIDES,AS1185P1,3063,0.0030367985025202553,0.010038344312260349,0.7064579365745556
AS1185P1,AS6269P3,1496,0.0014832029251617047,0.10438180295841473,0.6855975017050978
AS6269P3,AS1185P1,1496,0.0014832029251617047,0.00974193002220587,0.6855975017050978
protect,PQ-GUIDES,2459,0.0024379652359442726,0.201640016400164,0.6665348096275837
PQ-GUIDES,protect,2459,0.0024379652359442726,0.008058860157965458,0.6665348096275837
WS1325P5,WS1268P1,492,0.00048779133634997246,0.03012306373599461,0.6527093069648924
WS1268P1,WS1325P5,492,0.00048779133634997246,0.010569507400803455,0.6527093069648924
AS1114P1,PQ-GUIDES,2424,0.0024032646327486447,0.181301421091997,0.5993041974016936
PQ-GUIDES,AS1114P1,2424,0.0024032646327486447,0.007944154950349032,0.5993041974016936
AS1114P1,AS6269P3,1162,0.0011520600260948536,0.08691099476439791,0.570846250901748
AS6269P3,AS1114P1,1162,0.0011520600260948536,0.007566926929012848,0.570846250901748
AS1185P1,AS6269P1,694,0.0006880633890790262,0.048423109126430365,0.5629685982753148
AS6269P1,AS1185P1,694,0.0006880633890790262,0.00799944672414588,0.5629685982753148
AS1185P1,WB2466P1,498,0.0004937400111835087,0.03474741836449902,0.5387238546813194
WB2466P1,AS1185P1,498,0.0004937400111835087,0.007654943433349729,0.5387238546813194
AS1114P1,AS6269P1,569,0.0005641326633803543,0.04255796559461481,0.49478025406617576
AS6269P1,AS1114P1,569,0.0005641326633803543,0.006558624187376089,0.49478025406617576
WB2464P3,AS6269P1,746,0.0007396185709696736,0.04060526888743741,0.47207814038681145
AS6269P1,WB2464P3,746,0.0007396185709696736,0.008598828899442114,0.47207814038681145
AS1114P1,WB2466P1,398,0.0003945954306245712,0.029768137621540763,0.4615251031870914
WB2466P1,AS1114P1,398,0.0003945954306245712,0.006117806197737334,0.4615251031870914
WS1325P6,WS1324P3,421,0.0004173986841531268,0.03203957382039574,0.43935083426214905
WS1324P3,WS1325P6,421,0.0004173986841531268,0.0057236859994018,0.43935083426214905
AS2376P1,WB2466P1,309,0.00030635675392711684,0.0278428545683907,0.4316755213601632
WB2466P1,AS2376P1,309,0.00030635675392711684,0.004749754058042302,0.4316755213601632
AS2376P1,AS6269P1,362,0.00035890338162335373,0.03261848981798522,0.37922359431203373
AS6269P1,AS2376P1,362,0.00035890338162335373,0.0041726220664853155,0.37922359431203373
AS6269BF4,PQ-GUIDES,662,0.0006563371233001662,0.10679141797064043,0.3530063065738902
PQ-GUIDES,AS6269BF4,662,0.0006563371233001662,0.0021695670697735392,0.3530063065738902
WB2466P1,AS6269P3,203,0.0002012634985346431,0.003120388588293163,0.020495244955053993
AS6269P3,WB2466P1,203,0.0002012634985346431,0.001321933017719112,0.020495244955053993
